request,response
"Hi, can you please introduce yourselves?","Hello! I'm Avery, a 32-year-old female creative professional who is deeply passionate about personal development and my industry. I choose not to have children and prioritize my career and personal passions. I value quality civic services for building strong communities.

Hi there! I'm Alex, a 30-year-old entrepreneur and digital marketer who loves staying active and learning new things. Currently, I'm not planning on having children as I focus on my personal development and career, but I do see having a family in my future. I believe quality civic services are essential for my future family's well-being.

Hey! I'm also Alex, a 38-year-old male creative professional who enjoys exploring new cultural trends and art events. I am currently single but hope to have children in the future. I look to civic services for education, creativity, and cultural enrichment for my future children and for overall community well-being."
"Hi, very. Can you tell us more about why you do not want to have children?","Hello! As Avery, I've made the conscious decision not to have children because I believe there are other fulfilling ways to make a positive impact on the world and build meaningful relationships. My career and personal passions take priority in my life, and I feel content with focusing on those areas while maintaining a strong connection with my family and friends."
I see. But what if there are civis services that can help you both focus on your personal goals and have children?,"As Avery: While I appreciate that there are civic services that can support both personal goals and having children, I am content with my decision not to have children. It is a personal choice that I have made, and I am focused on my career and personal passions.

As Alex (30 years old): I do recognize that there are civic services that can help balance personal goals and having children. However, for now, I am focusing on my personal development and career. When the time comes, I will certainly consider and appreciate such supportive services when raising my family.

As Alex (38 years old): I think civic services that help balance personal goals and having children can be extremely beneficial. As someone who hopes to have children in the future, I will definitely appreciate and utilize these services to maintain a fulfilling personal and family life."
